id, type, accessories
1, vampire male, messy hair / spots
2, skeleton female, tiara / cigarette / silver chain
3, male gold, jester hat / mole / big beard
4, male blue, demon horns / clown eyes green
5, male m10, messy hair / spots
6, male m01, clown hair blue / chinstrap / medical mask
7, male m06, jester hat / chinstrap / pipe
8, mummy female, tiara / green eye shadow / silver chain
9, alien female red magenta, cap / rosy cheeks / laser eyes
10, zombie male, clown hair blue / medical mask
11, male m06, clown eyes green
12, alien female red magenta, blonde short / medical mask / silver chain
13, zombie female, cowboy hat / blue eye shadow / vr
14, female m04, sombrero / rosy cheeks / clown eyes green
15, vampire female, clown hair green / blue eye shadow / vr
16, demon female, flowers / pipe
17, mummy female, sombrero / blue eye shadow
18, mummy female, cigar / laser eyes
19, orc female, beanie / rosy cheeks / blue eye shadow
20, male m01, birthday hat / earring
21, female m09, blue eye shadow / cigarette
22, female m08, top hat / rosy cheeks
23, female m08, do-rag / clown nose
24, alien female violet, flowers / blue eye shadow
25, male m06, cap forward / laser eyes blue / silver chain
26, zombie female, dark hair / blue eye shadow
27, female m09, tiara / rosy cheeks / choker
28, female orange, flowers / cigarette
29, male m05, cowboy hat / classic shades
30, vampire male, messy hair / cigarette / gold chain
31, demon female, cap / clown nose
32, male m06, hoodie / clown nose / pipe
33, female m04, tiara / rosy cheeks
34, female orange, wild white hair / clown eyes green
35, female m05, clown hair green / cigar / gold chain
36, male m04, birthday hat / pipe
37, demon female, crown / clown eyes green / cigarette
38, female gold, blonde bob / earring
39, vampire female, hoodie / 3d glasses
40, zombie female, cap / green eye shadow / medical mask
41, mummy male, frumpy hair / 3d glasses / silver chain
42, female m01, clown eyes green
43, zombie ape male, hoodie / clown eyes blue / gold chain
44, male orange, bandana / silver chain
45, male gold, cigar
46, mummy female, bandana / rosy cheeks / clown eyes green
47, demon male, hoodie / gold chain
48, skeleton male, top hat / earring
49, robot female, cowboy hat / earring
50, alien male gold, messy hair / clown nose / clown eyes blue
51, female m03, wild white hair / laser eyes
52, female m09, birthday hat / green eye shadow / silver chain
53, robot male, hoodie / earring
54, alien female violet, bandana / rosy cheeks
55, male m09, jester hat / bubble gum
56, female purple, cowboy hat / green eye shadow / 3d glasses
57, skeleton female, blonde bob / gold chain
58, female m01, bandana / green eye shadow
59, ape female, hoodie / mole
60, male blue, cap red / eye patch
61, robot female, blonde short / classic shades
62, female m06, birthday hat / clown nose / big shades
63, female m03, clown nose / green eye shadow
64, female m06, top hat / mole / choker
65, robot male, cap burger king / mole / earring
66, zombie ape male, bandana / 3d glasses
67, zombie ape male, messy hair / heart shades / silver chain
68, female m05, blonde bob / mole / pipe
69, ape female, eye mask
70, male orange, birthday hat / classic shades
71, female m06, crown / green eye shadow / medical mask
72, male gold, bandana / mustache
73, mummy female, clown hair green / eye patch / earring
74, male m05, cap burger king / medical mask
75, female m05, blonde bob / green eye shadow
76, skeleton male, clown eyes blue / silver chain
77, orc male, messy hair / silver chain
78, male m10, demon horns / mustache / cigar
79, alien ape male, regular shades
80, robot female, birthday hat / cigarette
81, alien female violet, flowers / rosy cheeks / clown eyes green
82, zombie male, birthday hat / big beard / regular shades
83, skeleton male, messy hair / pipe
84, alien female red magenta, clown hair green / rosy cheeks
85, female m01, top hat / cigar
86, mummy male, fedora / silver chain
87, male m01, cowboy hat / bubble gum / laser eyes
88, alien ape male, top hat / eye mask
89, female blue, blonde bob / gold chain
90, mummy female, do-rag / pipe / earring
91, male blue, cap burger king / medical mask / heart shades
92, male m03, bandana / spots / silver chain
93, male gold, bandana / big shades
94, ape male blue, do-rag / clown eyes blue
95, female blue, birthday hat / gold chain
96, male m06, laser eyes blue
97, skeleton male, top hat / medical mask / classic shades
98, robot female, clown hair green / classic shades / earring
99, zombie ape male, cap forward / silver chain
100, ape male gold, crazy hair / cigar / gold chain
101, male m04, demon horns / clown nose / clown eyes green
102, vampire male, demon horns / mole
103, zombie female, frumpy hair / medical mask
104, male blue, cap burger king / medical mask / eye patch
105, alien ape male, cap forward / mole / heart shades
106, alien female red magenta, knitted cap / 3d glasses
107, female m08, clown hair green / cigarette
108, orc female, cap / pipe / earring
109, female blue, blonde bob / clown eyes green / earring
110, orc male, mole
111, ape male blue, clown nose / laser eyes
112, mummy male, frumpy hair / mustache
113, male m01, earring
114, male m07, sombrero / big beard
115, alien male green, knitted cap / spots
116, alien female violet, cap / rosy cheeks / gold chain
117, female m10, beanie / mole / medical mask
118, zombie ape male, bandana / pipe
119, male m06, top hat / cigarette / classic shades
120, skeleton female, tiara / medical mask
121, vampire female, tiara / rosy cheeks / green eye shadow
122, mummy female, flowers / laser eyes
123, female m05, hoodie / gold chain
124, male m07, mole / 3d glasses
125, female m09, bow / cigarette
126, demon female, cap / cigar
127, female m01, hoodie / cigar
128, alien ape male, gold chain
129, male m10, crazy hair / mole
130, alien male green, top hat / clown nose / chinstrap
131, zombie female, birthday hat / clown eyes green / medical mask
132, female m07, beanie / mole / silver chain
133, male m03, cap forward / clown nose / clown eyes green
134, skeleton female, wild white hair / mole / choker
135, female m10, hoodie / green eye shadow
136, female m05, bandana / earring
137, alien female red magenta, sombrero / blue eye shadow
138, female orange, cigar
139, male m05, mole / earring
140, female m09, top hat / mole
141, demon male, cap forward / clown nose / eye mask
142, female orange, do-rag / eye mask / earring
143, male m04, cap red / clown nose
144, female m03, clown hair green / cigar / silver chain
145, ape female, medical mask / eye mask
146, female m02, rosy cheeks / medical mask
147, alien male green, crazy hair / mole
148, female blue, bow / earring
149, skeleton male, top hat / bubble gum
150, robot female, pilot helmet / rosy cheeks / cigarette
151, vampire female, blonde bob / green eye shadow
152, skeleton male, bandana / eye patch
153, female m05, clown nose
154, alien female red magenta, bow / clown nose / 3d glasses
155, female m01, cap forward / gold chain
156, female m08, tiara / gold chain
157, alien female violet, pilot helmet / eye patch / silver chain
158, male m03, frumpy hair / silver chain
159, zombie female, classic shades
160, vampire male, cowboy hat / big shades
161, alien male green, clown hair blue / bubble gum / regular shades
162, male orange, clown hair blue / clown nose / big beard
163, ape male blue, do-rag / clown nose / laser eyes
164, female m09, knitted cap / laser eyes
165, male blue, cap forward / spots / clown eyes green
166, demon female, flowers / classic shades
167, vampire female, wild white hair / pipe / big shades
168, orc female, big shades / silver chain
169, skeleton female, clown hair green / blue eye shadow / heart shades
170, female m02, clown eyes green / gold chain
171, female m02, dark hair / rosy cheeks / vr
172, orc male, frumpy hair / laser eyes / silver chain
173, female m04, tiara / rosy cheeks / choker
174, alien female violet, beanie / blue eye shadow / cigarette
175, zombie ape male, regular shades
176, male m01, cap burger king / laser eyes gold
177, vampire female, cap forward / gold chain
178, male m04, cap forward / medical mask
179, vampire female, sombrero / pipe
180, orc female, cap forward / clown nose
181, skeleton male, bubble gum
182, demon female, blonde bob / clown nose
183, female purple, birthday hat / blue eye shadow / classic shades
184, female m04, frumpy hair / mole
185, alien male gold, messy hair / cigarette / vr
186, female m02, beanie / blue eye shadow / silver chain
187, female m02, dark hair / gold chain
188, ape male gold, demon horns / clown nose
189, ape male blue, sombrero / clown eyes green / earring
190, male m01, birthday hat / mole / cigarette
191, male m01, crazy hair / goat
192, vampire female, blonde short / green eye shadow / heart shades
193, mummy male, do-rag / bubble gum / laser eyes gold
194, demon male, pipe / vr
195, female gold, bow / vr / choker
196, female gold, wild white hair / mole / choker
197, female m02, dark hair / pipe
198, female m03, tiara / medical mask
199, alien male gold, messy hair / spots
200, skeleton male, knitted cap / clown eyes green
201, male m04, fedora / bubble gum
202, female orange, wild white hair / vr / silver chain
203, male m01, demon horns / clown eyes blue
204, male gold, cap forward / classic shades / gold chain
205, male m08, knitted cap / goat / pipe
206, male m05, bandana / mustache / eye mask
207, male m05, police cap / spots
208, orc female, wild white hair / pipe
209, male m09, demon horns / chinstrap / cigar
210, female m05, do-rag / eye mask / silver chain
211, male m10, messy hair / spots
212, female m07, cap / mole
213, female m06, tiara / cigarette / gold chain
214, male m01, birthday hat / regular shades
215, male gold, jester hat / pipe
216, female gold, bandana / cigar
217, female m10, hoodie / medical mask
218, skeleton female, birthday hat / pipe
219, vampire male, fedora / cigarette
220, female blue, hoodie / medical mask
221, male m09, mole / heart shades
222, male m07, sombrero / big shades
223, female orange, beanie / green eye shadow
224, female m02, knitted cap / eye mask
225, mummy female, rosy cheeks / clown eyes green
226, female m02, frumpy hair / cigar
227, female m09, hoodie / rosy cheeks / medical mask
228, female m10, beanie / clown nose / silver chain
229, mummy male, do-rag / cigar / earring
230, male gold, frumpy hair / cigarette / silver chain
231, female m06, crown / gold chain
232, skeleton male, cap red / big beard
233, male m07, frumpy hair / clown nose / earring
234, robot female, blonde short / classic shades
235, female m08, wild white hair / choker
236, zombie male, hoodie / laser eyes blue / silver chain
237, alien female red magenta, pilot helmet / medical mask / big shades
238, female blue, flowers / big shades
239, robot female, hoodie / eye patch / choker
240, male blue, beanie / cigarette / laser eyes gold
241, demon female, frumpy hair / cigar
242, female m01, clown nose / nerd glasses
243, female m03, do-rag / classic shades
244, male gold, fedora / mole / clown eyes green
245, skeleton female, tiara / laser eyes
246, alien male green, cowboy hat / clown eyes blue / eye mask
247, alien female violet, cowboy hat / choker
248, female m06, wild white hair / laser eyes
249, male m03, birthday hat / clown nose / heart shades
250, zombie ape male, laser eyes gold
251, male blue, bandana / pipe / silver chain
252, male blue, fedora / chinstrap
253, male m08, messy hair / medical mask / earring
254, skeleton female, sombrero / blue eye shadow / gold chain
255, male gold, frumpy hair / cigarette / earring
256, female m07, crown / laser eyes
257, mummy male, crazy hair / mustache
258, male m02, cap burger king / clown nose
259, orc female, top hat / pipe / eye patch
260, alien ape male, messy hair / spots / earring
261, female m07, cowboy hat / rosy cheeks / clown eyes green
262, female m06, do-rag / rosy cheeks
263, zombie female, hoodie / clown eyes green
264, female m09, crown / rosy cheeks
265, female blue, birthday hat / rosy cheeks / gold chain
266, robot female, 3d glasses / gold chain
267, vampire male, cap forward / earring
268, male m02, crazy hair / silver chain
269, orc female, crown / heart shades / silver chain
270, zombie female, dark hair / pipe / choker
271, vampire female, birthday hat / earring
272, mummy female, silver chain
273, female m10, birthday hat / laser eyes
274, male m07, fedora / clown nose / big beard
275, female blue, blonde short / mole
276, demon female, cap / rosy cheeks
277, female m06, bow / pipe / classic shades
278, robot female, clown hair green / mole
279, female m06, beanie / medical mask / vr
280, zombie female, blonde short / cigarette / big shades
281, zombie ape male, top hat / medical mask
282, male m10, messy hair / silver chain
283, demon male, do-rag / clown nose
284, male m02, do-rag / bubble gum / gold chain
285, ape male gold, do-rag / spots / bubble gum
286, mummy male, hoodie / laser eyes
287, female m10, clown hair green / clown nose
288, ape male blue, jester hat / mustache
289, zombie ape male, cap burger king / big beard / earring
290, robot male, sombrero / clown nose / pipe
291, male m07, cap forward / clown eyes blue / earring
292, orc male, messy hair / gold chain
293, female m03, clown eyes green
294, female m10, crown / mole
295, orc female, clown hair green / cigarette
296, female m03, frumpy hair / medical mask / eye patch
297, vampire male, clown hair blue / cigarette
298, male m10, demon horns / goat / medical mask
299, male m02, frumpy hair / clown nose
300, orc female, knitted cap / cigar
301, zombie ape male, fedora / silver chain
302, male orange, crazy hair / clown nose
303, mummy female, frumpy hair / pipe
304, female m03, mole / nerd glasses
305, skeleton female, do-rag / blue eye shadow / vr
306, male m01, clown hair blue / medical mask
307, demon male, beanie / big beard
308, demon female, blonde short / choker
309, female m02, blonde bob / heart shades
310, male gold, frumpy hair / medical mask / eye patch
311, female purple, mole / laser eyes
312, alien male gold, sombrero / mole
313, zombie female, tiara / mole
314, female orange, bandana / mole
315, male m03, hoodie / medical mask
316, female m02, blonde bob / rosy cheeks / earring
317, male m10, do-rag / mustache
318, male m01, clown hair blue / clown eyes green
319, female m09, dark hair / vr
320, male m10, clown hair blue / clown nose
321, female m05, dark hair / eye patch
322, robot male, crazy hair / cigarette / gold chain
323, skeleton male, jester hat / mole / eye mask
324, zombie male, clown eyes green / pipe
325, mummy male, beanie / earring
326, female m06, crown / green eye shadow
327, female m09, wild white hair / clown nose
328, male m03, birthday hat / mustache
329, male m04, crazy hair / clown nose
330, alien female red magenta, green eye shadow / eye mask
331, female blue, cowboy hat / mole / silver chain
332, demon female, flowers / rosy cheeks / eye patch
333, female m10, bow / clown nose / earring
334, zombie female, birthday hat / pipe / classic shades
335, female m01, pilot helmet / mole / clown eyes green
336, alien male green, cap red / goat / classic shades
337, male m02, knitted cap / silver chain
338, robot female, do-rag / pipe / choker
339, male m01, mustache / eye patch
340, robot female, bow / clown nose / classic shades
341, mummy female, blonde short / clown eyes green
342, female m08, frumpy hair / gold chain
343, female m04, sombrero / green eye shadow / pipe
344, male m02, bandana / spots
345, male m08, beanie / clown eyes green
346, female blue, hoodie / blue eye shadow / gold chain
347, male m04, police cap / gold chain
348, female gold, crown / pipe / 3d glasses
349, female blue, blonde short / cigarette
350, female m07, beanie / pipe
351, male m09, do-rag / clown nose / heart shades
352, female m07, hoodie / clown eyes green / cigarette
353, orc female, cap / cigar
354, female m04, crown / cigar
355, male m08, crazy hair / clown eyes blue / classic shades
356, female m03, dark hair / mole / gold chain
357, zombie female, crown / heart shades / earring
358, vampire female, pilot helmet / mole
359, male m06, cap burger king / clown eyes blue / silver chain
360, alien female violet, knitted cap / mole / blue eye shadow
361, female blue, cigarette / silver chain
362, male m10, birthday hat / gold chain
363, female m04, blonde short / cigarette / eye mask
364, female m06, rosy cheeks
365, male m10, fedora / goat / gold chain
366, alien female red magenta, do-rag / clown nose / clown eyes green
367, orc female, hoodie / clown eyes green
368, female orange, birthday hat / green eye shadow / silver chain
369, female m09, sombrero / blue eye shadow / eye patch
370, robot female, birthday hat / blue eye shadow / cigarette
371, male m01, frumpy hair / clown eyes blue
372, female m06, blonde bob / mole / silver chain
373, female m01, wild white hair / cigarette
374, male m06, crazy hair / laser eyes / gold chain
375, skeleton male, messy hair / clown nose / goat
376, female purple, wild white hair / nerd glasses
377, male m05, police cap / clown nose
378, male m05, crazy hair / spots
379, female orange, do-rag / clown nose / medical mask
380, male m08, frumpy hair / medical mask / earring
381, alien female red magenta, do-rag / blue eye shadow
382, male m03, cowboy hat / mole
383, female m10, sombrero / green eye shadow / 3d glasses
384, orc female, cap forward / choker
385, robot female, tiara / choker
386, male gold, mole
387, male m04, cap forward / big shades
388, female m08, bow / pipe / eye mask
389, male orange, mole / earring
390, skeleton female, top hat / cigar / gold chain
391, male m02, fedora / chinstrap / medical mask
392, female m04, wild white hair / laser eyes
393, female m09, blonde bob / pipe / choker
394, female m01, sombrero / laser eyes
395, female m10, birthday hat / green eye shadow
396, ape male gold, cap red / cigarette / 3d glasses
397, male orange, do-rag / silver chain
398, male m09, cap red / cigarette / big shades
399, alien male green, cap forward / mole / goat
400, female m06, knitted cap / silver chain
401, alien female red magenta, beanie / medical mask / earring
402, female m10, wild white hair / medical mask
403, male m06, beanie / vr
404, alien ape male, clown hair blue / mole
405, female m10, blonde bob / medical mask
406, alien female red magenta, frumpy hair / cigarette / nerd glasses
407, alien female violet, blonde short / cigarette
408, female m03, pilot helmet / clown eyes green / cigar
409, robot male, bandana / clown eyes blue
410, alien male gold, demon horns / chinstrap / 3d glasses
411, male m08, cap burger king / mole
412, female m07, blonde short / clown eyes green / 3d glasses
413, alien male green, cowboy hat / mustache
414, male m02, cowboy hat / clown eyes blue
415, female m07, birthday hat / mole / laser eyes
416, ape female, rosy cheeks / pipe
417, male gold, police cap / pipe
418, orc female, cap forward / 3d glasses
419, male m05, top hat / clown nose / pipe
420, orc female, knitted cap / clown eyes green
421, zombie ape male, cowboy hat / clown nose
422, male m04, cowboy hat / cigar
423, male m02, messy hair / earring
424, orc male, sombrero / laser eyes
425, male m02, clown eyes blue
426, male m05, earring
427, alien male green, fedora / spots / earring
428, female m01, bow / earring
429, alien female red magenta, frumpy hair / green eye shadow / nerd glasses
430, female m03, hoodie / heart shades / gold chain
431, male orange, clown hair blue / earring
432, female m01, do-rag / gold chain
433, vampire female, sombrero / silver chain
434, alien female red magenta, do-rag / clown nose
435, skeleton female, crown / silver chain
436, female m10, frumpy hair / blue eye shadow
437, male m05, clown hair blue / clown nose / gold chain
438, female blue, flowers / mole
439, female m10, bow / blue eye shadow / eye patch
440, demon male, hoodie / clown eyes green / gold chain
441, female m08, crown / green eye shadow
442, orc female, tiara / rosy cheeks
443, skeleton male, clown hair blue / laser eyes blue
444, female m08, beanie / green eye shadow / cigar
445, zombie male, frumpy hair / clown eyes green
446, female orange, blonde short / silver chain
447, male m10, frumpy hair / cigar
448, male m07, crazy hair / clown nose / clown eyes green
449, male m06, bandana / clown eyes green / earring
450, male m10, do-rag / laser eyes
451, male m03, sombrero / gold chain
452, robot female, tiara / rosy cheeks
453, ape female, blonde bob / vr
454, zombie male, mole / earring
455, female m03, knitted cap / clown nose
456, male m02, cap forward / bubble gum / big shades
457, male m08, big beard
458, orc female, do-rag / pipe
459, female orange, cap forward / clown nose
460, ape female, cap forward / rosy cheeks
461, male m10, fedora / cigarette / gold chain
462, male m02, hoodie / eye patch
463, orc female, frumpy hair / clown eyes green / eye mask
464, skeleton female, hoodie / silver chain
465, female purple, bow / mole
466, male m05, clown hair blue / big beard
467, robot male, gold chain
468, orc female, bandana / mole / pipe
469, female m06, blonde short / clown eyes green / cigar
470, male gold, frumpy hair / big beard / silver chain
471, zombie male, top hat / clown nose / goat
472, alien female red magenta, dark hair / vr / earring
473, male m06, cap red / cigar
474, zombie ape male, bubble gum / heart shades
475, alien male green, cap red / spots
476, male m06, messy hair / clown nose / big beard
477, orc male, spots
478, alien male green, jester hat / gold chain
479, ape male gold, messy hair / 3d glasses
480, female orange, frumpy hair / clown eyes green
481, vampire female, beanie / cigar / choker
482, male m07, hoodie / medical mask / gold chain
483, male m07, fedora / goat
484, demon female, cap forward / clown nose / cigarette
485, male orange, messy hair / gold chain
486, female gold, do-rag / eye patch
487, ape male blue, bandana / bubble gum / big shades
488, male orange, clown hair blue / medical mask
489, alien female red magenta, beanie / medical mask
490, male m07, cap forward / spots
491, female m07, clown hair green / blue eye shadow
492, ape male blue, hoodie / cigar / eye mask
493, female gold, hoodie / blue eye shadow / 3d glasses
494, alien male gold, top hat / spots / pipe
495, male m07, earring
496, male m09, crazy hair / mole / medical mask
497, alien male green, clown hair blue / mole / cigarette
498, alien female violet, top hat / clown eyes green / cigarette
499, zombie female, green eye shadow / cigarette
500, alien male gold, beanie / clown eyes blue / pipe
501, ape female, do-rag / blue eye shadow
502, female m08, bandana / blue eye shadow / choker
503, orc female, flowers / blue eye shadow / gold chain
504, male m06, sombrero / heart shades / silver chain
505, male m01, crazy hair / spots
506, vampire male, sombrero / cigar
507, alien male gold, messy hair / goat / gold chain
508, male m04, cap forward / regular shades
509, female m10, blue eye shadow
510, male m08, cowboy hat / regular shades
511, male m10, goat
512, ape male blue, top hat / big beard
513, skeleton female, crown / pipe / choker
514, robot female, cowboy hat / clown eyes green / laser eyes
515, male m01, cap forward / bubble gum / earring
516, male m01, frumpy hair / silver chain
517, male blue, do-rag / clown nose / heart shades
518, female orange, cap / laser eyes
519, robot male, cap forward / cigarette / classic shades
520, male m01, vr
521, female orange, dark hair / nerd glasses
522, ape male blue, messy hair / medical mask / big shades
523, zombie ape male, police cap / big beard
524, zombie male, frumpy hair / clown eyes green
525, male m08, crazy hair / spots / clown eyes blue
526, zombie ape male, jester hat / cigarette / laser eyes blue
527, female purple, cap / laser eyes
528, alien ape male, crazy hair / cigarette / gold chain
529, female m10, wild white hair / rosy cheeks
530, female m08, flowers / cigarette
531, male m01, frumpy hair / cigarette / laser eyes
532, female m10, frumpy hair / gold chain
533, zombie male, medical mask
534, male m06, do-rag / clown eyes blue
535, zombie ape male, clown hair blue / pipe
536, male m08, crazy hair / bubble gum
537, vampire female, clown hair green / cigarette / laser eyes
538, demon male, cap burger king / silver chain
539, male m09, messy hair / regular shades
540, ape female, pilot helmet / medical mask
541, male blue, knitted cap / cigar
542, ape male blue, cap red / earring
543, demon male, top hat / gold chain
544, mummy male, cowboy hat / earring
545, female m04, medical mask / silver chain
546, ape male blue, hoodie / medical mask
547, female m05, wild white hair / green eye shadow / classic shades
548, orc male, messy hair / laser eyes blue
549, female m05, dark hair / cigarette
550, vampire male, beanie / laser eyes
551, female m07, eye mask
552, female m06, wild white hair / clown nose
553, ape male blue, messy hair / big shades / silver chain
554, ape male blue, frumpy hair / cigarette / laser eyes
555, male m04, jester hat / earring
556, vampire male, beanie / big beard
557, male m01, pipe
558, female m07, do-rag / gold chain
559, male gold, knitted cap / medical mask / laser eyes
560, male m05, chinstrap / earring
561, female purple, hoodie / mole / clown eyes green
562, male m05, jester hat / mole
563, mummy female, wild white hair / cigarette
564, alien male green, demon horns / clown nose
565, ape male gold, beanie / clown nose
566, alien ape male, beanie / clown nose
567, robot male, frumpy hair / mole / clown eyes blue
568, alien male green, cap forward / earring
569, female m05, cowboy hat / vr
570, female m03, clown hair green / choker
571, male m09, bandana / clown nose / gold chain
572, female blue, clown hair green / pipe
573, male m05, knitted cap / spots / pipe
574, female purple, rosy cheeks / cigar
575, male m08, crazy hair / earring
576, male m09, crazy hair / clown nose
577, male m05, hoodie / earring
578, alien ape male, clown hair blue / earring
579, female purple, blonde short / clown nose / heart shades
580, alien female violet, beanie / mole
581, alien female red magenta, sombrero / blue eye shadow / medical mask
582, alien male green, mustache / earring
583, female m06, birthday hat / vr / gold chain
584, vampire female, crown / blue eye shadow / gold chain
585, mummy male, cap forward / silver chain
586, vampire male, sombrero / clown nose / bubble gum
587, robot male, laser eyes gold
588, zombie female, wild white hair / heart shades / choker
589, female m09, sombrero / mole
590, male m08, earring
591, female m05, wild white hair / medical mask
592, male m08, frumpy hair / clown eyes blue
593, female m05, bandana / laser eyes
594, mummy female, cap / eye patch / gold chain
595, female m03, cap forward / vr / choker
596, skeleton female, blue eye shadow / pipe
597, robot male, knitted cap / medical mask
598, robot female, sombrero / cigar / earring
599, alien male gold, frumpy hair / clown eyes blue / medical mask
600, zombie male, frumpy hair / earring
601, vampire male, top hat / mustache / pipe
602, alien female red magenta, cap / medical mask / earring
603, female m01, cowboy hat / silver chain
604, female m06, dark hair / rosy cheeks / cigarette
605, zombie ape male, clown hair blue / bubble gum
606, ape female, frumpy hair / mole / gold chain
607, alien male green, bubble gum
608, male m06, bandana / classic shades
609, female gold, beanie / choker
610, vampire female, bandana / pipe
611, male m03, clown hair blue / cigar / silver chain
612, female m10, hoodie / green eye shadow / big shades
613, male m09, spots / heart shades
614, zombie ape male, do-rag / vr / gold chain
615, mummy female, birthday hat / rosy cheeks
616, skeleton male, crazy hair / spots / chinstrap
617, male m02, cowboy hat / goat
618, ape female, bandana / pipe / vr
619, female m08, blonde short / pipe / eye patch
620, mummy female, bandana / laser eyes / silver chain
621, zombie male, knitted cap / pipe / gold chain
622, alien male gold, messy hair / big shades / silver chain
623, alien ape male, top hat / spots
624, ape female, cowboy hat / rosy cheeks
625, male m04, frumpy hair / mole / gold chain
626, ape male gold, cap red / regular shades
627, alien male gold, cowboy hat / cigar
628, male m10, frumpy hair / silver chain
629, robot female, crown / medical mask
630, female m09, wild white hair / big shades
631, ape male gold, birthday hat / earring
632, male orange, cowboy hat / clown eyes green
633, alien female red magenta, tiara / vr
634, male gold, crazy hair / spots
635, male m06, knitted cap / spots / eye patch
636, male m09, messy hair / laser eyes blue
637, alien male gold, frumpy hair / 3d glasses / earring
638, male m02, frumpy hair / gold chain
639, robot male, police cap / pipe / silver chain
640, female m03, top hat / rosy cheeks / silver chain
641, male m01, messy hair / pipe
642, alien male green, sombrero / clown nose / big beard
643, orc female, crown / clown eyes green / nerd glasses
644, robot female, wild white hair / cigar
645, alien female red magenta, birthday hat / eye patch
646, zombie male, clown hair blue / clown nose
647, male m01, jester hat / clown nose / bubble gum
648, female m06, big shades
649, female blue, top hat / earring
650, male m10, birthday hat / cigarette
651, male orange, sombrero / big beard
652, ape female, knitted cap / green eye shadow / cigarette
653, female m02, crown / blue eye shadow
654, male m01, do-rag / clown eyes green / heart shades
655, male m06, do-rag / big beard
656, female m07, dark hair / mole
657, mummy female, pilot helmet / green eye shadow / cigar
658, male m05, clown hair blue / laser eyes gold
659, female m08, frumpy hair / gold chain
660, demon female, sombrero / green eye shadow
661, female m01, do-rag / gold chain
662, female orange, hoodie / medical mask / gold chain
663, vampire male, knitted cap / bubble gum / gold chain
664, alien male gold, bandana / 3d glasses
665, female m10, frumpy hair / medical mask / eye mask
666, alien female red magenta, beanie / gold chain
667, male m04, beanie / cigar
668, alien male gold, cowboy hat / pipe
669, robot female, birthday hat / clown nose / earring
670, male m09, knitted cap / pipe / eye patch
671, male m09, do-rag / goat
672, female gold, pilot helmet / green eye shadow
673, alien female violet, pilot helmet / heart shades
674, female m07, birthday hat / medical mask
675, female m04, hoodie / 3d glasses
676, male m01, messy hair / spots
677, orc male, demon horns / cigarette / earring
678, male m07, bandana / bubble gum
679, male m04, top hat / clown eyes blue / cigarette
680, female m01, cowboy hat / pipe / choker
681, female gold, clown hair green / classic shades / gold chain
682, male m10, bandana / mole
683, mummy female, top hat / blue eye shadow
684, ape male blue, cowboy hat / bubble gum
685, zombie ape male, hoodie / silver chain
686, mummy male, clown hair blue / cigarette / eye patch
687, orc female, tiara / rosy cheeks
688, vampire male, top hat / big beard
689, female m05, blonde short / blue eye shadow / big shades
690, ape male blue, spots / clown eyes blue
691, male m10, knitted cap / earring
692, male m05, do-rag / cigarette
693, demon female, dark hair / green eye shadow
694, alien ape male, knitted cap / clown nose / big beard
695, male blue, top hat / pipe / silver chain
696, demon female, bandana / mole / gold chain
697, vampire female, blonde short / green eye shadow
698, male m09, cowboy hat / eye mask / gold chain
699, female m03, bandana / cigarette
700, male m06, bandana / chinstrap
701, alien female violet, wild white hair / mole
702, orc female, knitted cap / clown nose / pipe
703, demon female, cap / mole
704, mummy male, police cap / bubble gum
705, skeleton female, wild white hair / clown nose
706, alien female violet, tiara / nerd glasses / earring
707, male m05, frumpy hair / clown eyes green
708, zombie male, mole / mustache
709, vampire female, pilot helmet / mole / cigarette
710, female m01, medical mask
711, vampire female, cowboy hat / clown eyes green
712, male m07, knitted cap / clown nose / clown eyes blue
713, zombie male, beanie / eye patch
714, male m10, cap red / bubble gum / laser eyes gold
715, male m09, frumpy hair / chinstrap
716, female m07, tiara / mole
717, female m07, beanie / vr / choker
718, orc male, top hat / pipe / vr
719, mummy female, blonde bob / green eye shadow / earring
720, female gold, blue eye shadow / silver chain
721, alien female red magenta, sombrero / clown nose
722, ape male gold, cowboy hat / clown nose / vr
723, male m05, knitted cap / spots / gold chain
724, zombie ape male, crazy hair / goat / 3d glasses
725, alien male green, birthday hat / chinstrap
726, female m07, dark hair / green eye shadow
727, orc male, clown nose
728, skeleton female, clown hair green / blue eye shadow / cigarette
729, zombie female, tiara / choker
730, female orange, flowers / cigar
731, ape male gold, top hat / big beard
732, mummy female, clown hair green / mole
733, ape female, cowboy hat / green eye shadow / cigar
734, female purple, cap forward / laser eyes / choker
735, vampire male, top hat / bubble gum / earring
736, male m02, clown hair blue / mole / eye mask
737, male m04, crazy hair / cigarette / gold chain
738, alien female violet, birthday hat / medical mask
739, male m02, frumpy hair / mustache / bubble gum
740, male m05, beanie / cigarette
741, robot female, cap / clown nose / earring
742, vampire male, sombrero / big shades / gold chain
743, robot female, wild white hair / clown eyes green
744, ape female, clown nose / medical mask
745, male m02, messy hair / cigarette / eye mask
746, ape male blue, frumpy hair / classic shades
747, male orange, knitted cap / medical mask
748, female orange, blue eye shadow / vr
749, male orange, clown hair blue / spots / pipe
750, male m10, clown hair blue / heart shades / gold chain
751, female m02, knitted cap / rosy cheeks / green eye shadow
752, mummy male, clown hair blue / clown nose / clown eyes green
753, vampire male, bandana / goat / regular shades
754, female m02, 3d glasses
755, zombie female, birthday hat / clown eyes green / silver chain
756, male m02, do-rag / laser eyes blue / silver chain
757, female orange, pilot helmet / cigar
758, skeleton female, nerd glasses
759, female m07, bandana / rosy cheeks
760, male m08, knitted cap / 3d glasses
761, mummy female, clown nose / vr
762, male gold, clown hair blue / chinstrap / laser eyes gold
763, alien ape male, bandana / silver chain
764, female m04, frumpy hair / medical mask / nerd glasses
765, vampire male, top hat / laser eyes gold / gold chain
766, demon female, blonde short / clown eyes green / nerd glasses
767, male m06, regular shades
768, robot female, top hat / silver chain
769, female m01, dark hair / clown eyes green
770, skeleton female, pilot helmet / medical mask
771, alien female violet, blue eye shadow
772, vampire male, demon horns / spots / cigarette
773, male m10, big shades / gold chain
774, female m10, do-rag / gold chain
775, robot male, sombrero / chinstrap
776, female purple, green eye shadow
777, female m10, tiara / heart shades
778, alien male gold, birthday hat / laser eyes
779, zombie ape male, frumpy hair / mustache / cigar
780, male m08, messy hair / spots / cigar
781, female purple, cap forward / cigar / silver chain
782, ape female, flowers / clown nose / cigarette
783, alien male green, sombrero / medical mask
784, male m05, demon horns / 3d glasses
785, alien female violet, wild white hair / eye mask
786, zombie female, top hat / blue eye shadow
787, mummy male, top hat / pipe
788, ape female, tiara / green eye shadow
789, demon male, cap red / gold chain
790, ape male gold, birthday hat / regular shades
791, zombie male, hoodie / bubble gum / earring
792, demon female, blonde short / clown eyes green / eye patch
793, female m07, hoodie / medical mask / earring
794, robot female, wild white hair / clown nose / cigarette
795, male orange, eye mask / silver chain
796, female m05, frumpy hair / pipe / gold chain
797, female m10, blonde short / earring
798, female purple, top hat / blue eye shadow
799, robot female, clown nose
800, demon female, tiara / 3d glasses
801, alien ape male, jester hat / goat
802, alien female red magenta, rosy cheeks
803, male orange, fedora / spots / earring
804, female orange, clown hair green / mole / clown eyes green
805, female m01, dark hair / clown eyes green / choker
806, male blue, beanie / clown nose / clown eyes blue
807, skeleton male, jester hat / cigar
808, male orange, clown hair blue / laser eyes gold
809, male m10, jester hat / spots / silver chain
810, male m08, knitted cap / mole
811, male m02, police cap / clown eyes blue / gold chain
812, male m02, fedora / mole
813, orc female, wild white hair / mole / gold chain
814, female m03, wild white hair / green eye shadow / cigar
815, skeleton male, knitted cap / eye mask / earring
816, female m09, cowboy hat / clown eyes green / eye mask
817, mummy female, frumpy hair / green eye shadow / gold chain
818, zombie male, demon horns / gold chain
819, male m06, clown hair blue / mole / mustache
820, ape female, sombrero / silver chain
821, female m03, blue eye shadow / choker
822, orc male, sombrero / heart shades
823, skeleton female, tiara / mole
824, female m07, cowboy hat / mole
825, male blue, frumpy hair / mustache
826, orc male, clown hair blue / mole / gold chain
827, alien male gold, cap red / silver chain
828, male m09, hoodie / silver chain
829, orc female, clown hair green / clown nose
830, male m08, crazy hair / clown nose / cigar
831, female m09, bandana / medical mask / earring
832, male orange, beanie / cigarette / eye mask
833, mummy female, pipe
834, female m10, blonde bob / classic shades
835, male m05, demon horns / spots / silver chain
836, ape male blue, cap red / eye patch
837, female m10, cowboy hat / pipe
838, male orange, crazy hair / eye mask / silver chain
839, female purple, blonde short / clown nose / green eye shadow
840, male m10, chinstrap
841, female purple, cap forward / medical mask / laser eyes
842, female m08, bow / silver chain
843, alien female red magenta, dark hair / pipe
844, male m03, frumpy hair / cigarette / heart shades
845, vampire male, clown hair blue / earring
846, robot male, birthday hat / 3d glasses
847, female m09, tiara / gold chain
848, female m07, top hat / big shades / gold chain
849, female gold, birthday hat / medical mask / 3d glasses
850, female m06, beanie / vr / gold chain
851, female m07, blonde short / mole / blue eye shadow
852, male m06, cigar / big shades
853, zombie ape male, bandana / clown nose
854, ape male gold, heart shades
855, robot female, top hat / nerd glasses
856, female purple, dark hair / rosy cheeks / gold chain
857, mummy female, blonde bob / medical mask / choker
858, orc female, hoodie / vr
859, male m02, crazy hair / bubble gum
860, ape female, pilot helmet / clown nose
861, male m10, knitted cap / silver chain
862, robot female, wild white hair / cigar
863, male gold, cap red / medical mask
864, zombie ape male, messy hair / clown nose / laser eyes
865, female m10, flowers / gold chain
866, demon male, jester hat / spots / bubble gum
867, female purple, cowboy hat / cigarette
868, male m08, knitted cap / mole
869, skeleton female, knitted cap / blue eye shadow
870, male m03, frumpy hair / clown eyes blue
871, male m08, messy hair / spots / pipe
872, female purple, sombrero / cigarette / classic shades
873, male m04, top hat / heart shades
874, male m09, jester hat / clown nose / big beard
875, female m03, cowboy hat / cigar / eye patch
876, vampire male, crazy hair / cigarette / silver chain
877, male orange, cap red / bubble gum / laser eyes
878, male m07, top hat / cigar / eye patch
879, female m09, choker
880, alien female red magenta, tiara / green eye shadow / earring
881, zombie female, do-rag / rosy cheeks / blue eye shadow
882, robot female, sombrero / clown eyes green
883, female purple, dark hair / cigar / silver chain
884, female m10, clown hair green / clown eyes green / eye mask
885, male m08, clown hair blue / goat / silver chain
886, skeleton female, wild white hair / mole / cigar
887, male m06, top hat / spots
888, ape male gold, cigar / 3d glasses
889, robot female, do-rag / rosy cheeks / choker
890, male gold, knitted cap / clown nose / cigar
891, male m04, crazy hair / clown nose
892, male m02, crazy hair / bubble gum
893, male m10, police cap / pipe / classic shades
894, vampire female, wild white hair / mole / vr
895, ape male blue, frumpy hair / clown nose / 3d glasses
896, male m05, cap forward / chinstrap / gold chain
897, male gold, messy hair / vr
898, demon male, spots
899, mummy male, sombrero / laser eyes gold
900, vampire male, cap burger king / big beard / heart shades
901, robot male, messy hair / mole / laser eyes gold
902, female blue, pilot helmet / clown nose / earring
903, female m08, frumpy hair / choker
904, zombie ape male, cap forward / laser eyes blue
905, female m03, knitted cap / nerd glasses
906, alien male gold, top hat / clown nose / earring
907, male m02, demon horns / laser eyes
908, orc male, crazy hair / earring
909, female m03, birthday hat / 3d glasses
910, alien ape male, medical mask
911, female m05, frumpy hair / blue eye shadow
912, female orange, wild white hair / clown eyes green
913, female blue, clown hair green / eye mask
914, zombie male, crazy hair / big shades
915, female m06, sombrero / blue eye shadow / silver chain
916, zombie male, clown eyes green / pipe
917, female m04, cap / medical mask / silver chain
918, male orange, police cap / clown eyes green
919, zombie male, cap burger king / laser eyes blue / silver chain
920, male blue, do-rag / clown nose / mustache
921, female m06, tiara / heart shades / gold chain
922, female m02, crown / medical mask
923, male m08, knitted cap / big beard / bubble gum
924, female gold, knitted cap / gold chain
925, alien male green, messy hair / chinstrap / pipe
926, male m09, cap red / clown nose / laser eyes
927, mummy female, wild white hair / clown eyes green
928, female purple, clown hair green / clown nose
929, alien female violet, birthday hat / vr / silver chain
930, ape male blue, jester hat / mole
931, skeleton male, jester hat / medical mask
932, male m02, birthday hat / chinstrap
933, mummy male, sombrero / medical mask
934, female gold, pilot helmet / rosy cheeks / nerd glasses
935, zombie ape male, frumpy hair / clown nose
936, male m03, cap red / bubble gum / big shades
937, female purple, wild white hair / earring
938, ape female, 3d glasses
939, female orange, blonde short / earring
940, vampire female, pilot helmet / eye patch
941, alien female red magenta, cap forward / big shades / silver chain
942, female purple, mole
943, female m01, tiara / clown nose
944, zombie male, fedora / big beard
945, female gold, sombrero / clown nose / cigarette
946, alien female violet, bandana / blue eye shadow
947, female m06, beanie / silver chain
948, male gold, fedora / silver chain
949, female m01, do-rag / blue eye shadow / cigarette
950, zombie female, cap forward / medical mask / nerd glasses
951, ape male blue, top hat / mole / clown eyes green
952, male m10, birthday hat / spots
953, alien male gold, cap forward / regular shades
954, vampire male, bandana / clown nose
955, male m06, clown hair blue / mustache / eye patch
956, female m01, birthday hat / clown eyes green
957, zombie ape male, clown hair blue / chinstrap
958, male blue, demon horns / 3d glasses
959, female purple, beanie / nerd glasses
960, female m02, sombrero / clown eyes green
961, vampire male, do-rag / vr
962, robot male, birthday hat / clown eyes green
963, female m06, tiara / choker
964, male m01, beanie / big beard / gold chain
965, female gold, beanie / choker
966, female m07, hoodie / rosy cheeks / pipe
967, alien male gold, beanie / mole
968, male m06, beanie / earring
969, female purple, do-rag / gold chain
970, female m10, birthday hat / cigarette
971, ape male gold, fedora / laser eyes blue
972, skeleton female, bow / cigarette / laser eyes
973, vampire male, fedora / big beard / classic shades
974, skeleton female, blonde short / rosy cheeks / nerd glasses
975, male m05, police cap / earring
976, female m03, beanie / mole
977, zombie ape male, medical mask
978, male blue, fedora / laser eyes gold / earring
979, alien female violet, cowboy hat / pipe / silver chain
980, male m09, clown hair blue / spots / bubble gum
981, female m01, rosy cheeks
982, vampire male, cap burger king / mole / laser eyes gold
983, zombie male, fedora / pipe
984, male m09, clown hair blue / clown nose / laser eyes blue
985, female m07, pipe / 3d glasses
986, female orange, dark hair / cigar
987, male m06, hoodie / spots
988, ape female, blonde short / gold chain
989, male m01, cap forward / pipe
990, demon female, beanie / classic shades
991, robot male, fedora / mustache
992, male m04, jester hat / clown nose / eye mask
993, vampire male, crazy hair / cigar
994, skeleton female, top hat / blue eye shadow / medical mask
995, male m02, messy hair / earring
996, female m02, clown eyes green
997, mummy male, cowboy hat / chinstrap
998, mummy female, dark hair / clown nose / earring
999, zombie male, knitted cap / mole / eye patch
1000, male m02, messy hair / mole / mustache
